hidden_layers,dropout,optimizer,output_activation,intermediate_activation,loss_type,loss,accuracy,recall,precision,f1_score
"[32, 16]",0.1,adam,sigmoid,tanh,mse,0.061804025620222094,0.9231325626373291,0.8505618095397949,0.7342387437820435,0.7881312179376737
"[32, 16, 8]",0.1,adam,sigmoid,tanh,mse,0.06490427628159523,0.9227609395980835,0.855234932899475,0.7314762711524964,0.7885291521893296
"[32, 16, 4]",0.1,adam,sigmoid,tanh,mse,0.07487826645374299,0.9079939365386963,0.7964759945869446,0.7021117210388184,0.7463228053699791
"[32, 16]",0.1,adam,sigmoid,tanh,binary_crossentropy,0.2351117640733719,0.9242696404457093,0.8507405519485474,0.7393148899078369,0.7911235059998696
"[32, 16, 8]",0.1,adam,sigmoid,tanh,binary_crossentropy,0.2150101661682129,0.9242703557014466,0.84609295129776,0.7446500182151794,0.7921368870568409
"[32, 16, 4]",0.1,adam,sigmoid,tanh,binary_crossentropy,0.23104093372821807,0.9208612561225891,0.8462206244468689,0.7312168717384339,0.7845264995647993
